unique_id,ds,Naive,SeasonalNaive,AutoETS,NBEATS,NHITS,LGBMRegressor
hotel_0,2023-07-01,0.8271604938271605,0.9506172839506173,0.8542002171862775,0.8687199,0.8049413,0.9098490325382506
hotel_0,2023-07-02,0.8271604938271605,0.5061728395061729,0.6258887772485338,0.6118024,0.7190368,0.6535526589056482
hotel_0,2023-07-03,0.8271604938271605,0.5802469135802469,0.6466666000710888,0.64312685,0.697254,0.7033441051035905
hotel_0,2023-07-04,0.8271604938271605,0.691358024691358,0.6839896656640166,0.6965878,0.6956549,0.7277035078382831
hotel_0,2023-07-05,0.8271604938271605,0.654320987654321,0.6812325870362248,0.7359991,0.7141081,0.7705496051458369
hotel_0,2023-07-06,0.8271604938271605,0.7160493827160493,0.7182355754828911,0.73594284,0.7527789,0.7944697172482416
hotel_0,2023-07-07,0.8271604938271605,0.8271604938271605,0.8220192023642633,0.8385118,0.8019536,0.8339697984009621
hotel_0,2023-07-08,0.8271604938271605,0.9506172839506173,0.8542002171862775,0.8474594,0.769496,0.9086149189877638
hotel_0,2023-07-09,0.8271604938271605,0.5061728395061729,0.6258887772485338,0.657582,0.7019554,0.610473277559072
hotel_0,2023-07-10,0.8271604938271605,0.5802469135802469,0.6466666000710888,0.65534735,0.7124531,0.673571309643564
hotel_0,2023-07-11,0.8271604938271605,0.691358024691358,0.6839896656640166,0.735568,0.71178514,0.7142336157465946
hotel_0,2023-07-12,0.8271604938271605,0.654320987654321,0.6812325870362248,0.70699584,0.71444577,0.7670265772779912
hotel_0,2023-07-13,0.8271604938271605,0.7160493827160493,0.7182355754828911,0.7259843,0.76462793,0.760138897904426
hotel_0,2023-07-14,0.8271604938271605,0.8271604938271605,0.8220192023642633,0.8563158,0.80235493,0.8247409536617466
hotel_0,2023-07-15,0.8271604938271605,0.9506172839506173,0.8542002171862775,0.8218909,0.7649224,0.8838917341595117
hotel_0,2023-07-16,0.8271604938271605,0.5061728395061729,0.6258887772485338,0.6384146,0.71685934,0.6871798588802299
hotel_0,2023-07-17,0.8271604938271605,0.5802469135802469,0.6466666000710888,0.6416801,0.6830151,0.7092987547907713
hotel_0,2023-07-18,0.8271604938271605,0.691358024691358,0.6839896656640166,0.70811063,0.70358515,0.771873450878137
hotel_0,2023-07-19,0.8271604938271605,0.654320987654321,0.6812325870362248,0.74529463,0.71916264,0.7956741016083074
hotel_0,2023-07-20,0.8271604938271605,0.7160493827160493,0.7182355754828911,0.74445295,0.76891387,0.8006893991394066
hotel_0,2023-07-21,0.8271604938271605,0.8271604938271605,0.8220192023642633,0.8317834,0.80444425,0.8379734934426287
hotel_0,2023-07-22,0.8271604938271605,0.9506172839506173,0.8542002171862775,0.80524457,0.78050476,0.8814378285430099
hotel_0,2023-07-23,0.8271604938271605,0.5061728395061729,0.6258887772485338,0.6749562,0.7189932,0.6659475768355902
hotel_0,2023-07-24,0.8271604938271605,0.5802469135802469,0.6466666000710888,0.6556087,0.6993438,0.7313521382369277
hotel_0,2023-07-25,0.8271604938271605,0.691358024691358,0.6839896656640166,0.7556058,0.71594435,0.7909421075217271
hotel_0,2023-07-26,0.8271604938271605,0.654320987654321,0.6812325870362248,0.73643184,0.7321888,0.8103512921444666
hotel_0,2023-07-27,0.8271604938271605,0.7160493827160493,0.7182355754828911,0.7890071,0.7654099,0.8144942629724728
hotel_0,2023-07-28,0.8271604938271605,0.8271604938271605,0.8220192023642633,0.82405496,0.81480473,0.8497362377469978
hotel_105,2023-07-01,1.0,0.9874213836477987,1.0476449387846933,0.9946899,1.0071592,0.9824345061749168
hotel_105,2023-07-02,1.0,0.9937106918238994,0.9616544656744862,1.0015318,1.0096502,0.964234907625479
hotel_105,2023-07-03,1.0,1.0188679245283019,1.0073316004594441,1.013836,1.0069416,1.0111888830232165
hotel_105,2023-07-04,1.0,1.0314465408805031,1.0373367269875087,1.0181491,1.0009217,0.9967579315359975
hotel_105,2023-07-05,1.0,1.0440251572327044,1.039713682926658,1.0138459,0.99998057,1.0059194055866094
hotel_105,2023-07-06,1.0,1.0062893081761006,0.9883744022494184,1.0031319,1.0030012,0.9988925295772143
hotel_105,2023-07-07,1.0,1.0,1.0078429181655375,0.9912574,0.99907357,0.9945922831801608
hotel_105,2023-07-08,1.0,0.9874213836477987,1.0476449387846933,0.9919697,1.0060573,0.9991567279319248
hotel_105,2023-07-09,1.0,0.9937106918238994,0.9616544656744862,0.9982602,1.0052602,0.9420472085820559
hotel_105,2023-07-10,1.0,1.0188679245283019,1.0073316004594441,1.0088593,1.0069383,1.0145286438073242
hotel_105,2023-07-11,1.0,1.0314465408805031,1.0373367269875087,1.0104291,1.0081687,0.9681374781072996
hotel_105,2023-07-12,1.0,1.0440251572327044,1.039713682926658,1.0109195,1.008937,0.9873902715497384
hotel_105,2023-07-13,1.0,1.0062893081761006,0.9883744022494184,0.99942887,1.0076232,0.9864929349996132
hotel_105,2023-07-14,1.0,1.0,1.0078429181655375,0.9936941,1.0068904,0.9914418527441369
hotel_105,2023-07-15,1.0,0.9874213836477987,1.0476449387846933,0.9879355,1.0005026,0.9902931854359752
hotel_105,2023-07-16,1.0,0.9937106918238994,0.9616544656744862,0.9824972,0.9994756,0.9249420444698981
hotel_105,2023-07-17,1.0,1.0188679245283019,1.0073316004594441,1.0028634,1.0045468,1.0186344798734441
hotel_105,2023-07-18,1.0,1.0314465408805031,1.0373367269875087,1.0090262,1.0033984,0.9582118871915694
hotel_105,2023-07-19,1.0,1.0440251572327044,1.039713682926658,1.0124418,1.0048344,0.9681698737183597
hotel_105,2023-07-20,1.0,1.0062893081761006,0.9883744022494184,0.99193835,1.0101943,0.9698438171780133
hotel_105,2023-07-21,1.0,1.0,1.0078429181655375,0.9940691,1.0031747,0.9836471891188661
hotel_105,2023-07-22,1.0,0.9874213836477987,1.0476449387846933,0.99560046,1.0008236,0.9906692266382782
hotel_105,2023-07-23,1.0,0.9937106918238994,0.9616544656744862,0.98722696,0.9978828,0.922237602559557
hotel_105,2023-07-24,1.0,1.0188679245283019,1.0073316004594441,0.9942745,0.99998534,1.0186363168564936
hotel_105,2023-07-25,1.0,1.0314465408805031,1.0373367269875087,1.0136142,1.0036001,0.9488346670781312
hotel_105,2023-07-26,1.0,1.0440251572327044,1.039713682926658,1.0130025,1.0033969,0.9537040904687363
hotel_105,2023-07-27,1.0,1.0062893081761006,0.9883744022494184,1.0023302,1.0061389,0.9560808475758686
hotel_105,2023-07-28,1.0,1.0,1.0078429181655375,0.9853727,1.00678,0.9740346553650708
hotel_112,2023-07-01,0.96875,0.75625,0.903436796126748,0.9617777,0.95516497,0.910019736571863
hotel_112,2023-07-02,0.96875,0.7625,0.8684008104548067,0.8975759,0.9265314,0.7710439691950796
hotel_112,2023-07-03,0.96875,0.76875,0.9192479376233321,0.8769922,0.9231008,0.8452601640694163
hotel_112,2023-07-04,0.96875,0.8625,0.925340831381696,0.91739345,0.9200306,0.8719247413134883
hotel_112,2023-07-05,0.96875,0.89375,0.9466445839515321,0.95066506,0.92936695,0.8967813530198905
hotel_112,2023-07-06,0.96875,1.0,0.9375921024302498,0.9533997,0.9427979,0.9544572774383748
hotel_112,2023-07-07,0.96875,0.96875,0.8993846268135793,0.9406314,0.9494089,0.9467705179160687
hotel_112,2023-07-08,0.96875,0.75625,0.903436796126748,0.9115097,0.93826795,0.9448861460943526
hotel_112,2023-07-09,0.96875,0.7625,0.8684008104548067,0.8941735,0.9091936,0.7680497100405986
hotel_112,2023-07-10,0.96875,0.76875,0.9192479376233321,0.90005064,0.91892844,0.8121185631570064
hotel_112,2023-07-11,0.96875,0.8625,0.925340831381696,0.91599256,0.92154294,0.8585113132730634
hotel_112,2023-07-12,0.96875,0.89375,0.9466445839515321,0.93375015,0.9280122,0.8611260712890068
hotel_112,2023-07-13,0.96875,1.0,0.9375921024302498,0.9558633,0.9466984,0.9013486565808574
hotel_112,2023-07-14,0.96875,0.96875,0.8993846268135793,0.92670435,0.9531617,0.9347274605666671
hotel_112,2023-07-15,0.96875,0.75625,0.903436796126748,0.90368325,0.93188894,0.9401198108928873
hotel_112,2023-07-16,0.96875,0.7625,0.8684008104548067,0.88303757,0.9143642,0.7559847314033412
hotel_112,2023-07-17,0.96875,0.76875,0.9192479376233321,0.8626522,0.9146374,0.8114990357635968
hotel_112,2023-07-18,0.96875,0.8625,0.925340831381696,0.9161763,0.9244997,0.8585113132730634
hotel_112,2023-07-19,0.96875,0.89375,0.9466445839515321,0.94769245,0.92900133,0.8611260712890068
hotel_112,2023-07-20,0.96875,1.0,0.9375921024302498,0.9440837,0.9470604,0.8986475805010243
hotel_112,2023-07-21,0.96875,0.96875,0.8993846268135793,0.9215997,0.94336647,0.9280247257232686
hotel_112,2023-07-22,0.96875,0.75625,0.903436796126748,0.9070682,0.92887366,0.9403984890801012
hotel_112,2023-07-23,0.96875,0.7625,0.8684008104548067,0.8783088,0.90962505,0.733850730360826
hotel_112,2023-07-24,0.96875,0.76875,0.9192479376233321,0.8651663,0.9085934,0.798908677097113
hotel_112,2023-07-25,0.96875,0.8625,0.925340831381696,0.9310568,0.9241226,0.8517404090292889
hotel_112,2023-07-26,0.96875,0.89375,0.9466445839515321,0.96372145,0.9244332,0.8651139482404006
hotel_112,2023-07-27,0.96875,1.0,0.9375921024302498,0.9753723,0.9428823,0.8738673186121978
hotel_112,2023-07-28,0.96875,0.96875,0.8993846268135793,0.94175893,0.95772827,0.9186395573657412
hotel_126,2023-07-01,0.9880478087649402,1.00398406374502,1.0118542902214969,0.98991483,0.9938198,0.9927861950241049
hotel_126,2023-07-02,0.9880478087649402,1.00398406374502,0.9755733507879766,0.9972989,0.9973072,0.9653679233017317
hotel_126,2023-07-03,0.9880478087649402,1.00398406374502,0.9547851651323187,0.9969409,0.98906136,0.9486462349055504
hotel_126,2023-07-04,0.9880478087649402,0.9840637450199203,0.9503407261310395,0.99251604,0.9817927,0.9657711164022803
hotel_126,2023-07-05,0.9880478087649402,1.00398406374502,0.9556024267785894,0.9890995,0.98035944,0.9655300480384095
hotel_126,2023-07-06,0.9880478087649402,1.00398406374502,0.9474217750469447,0.98801136,0.98568547,0.9691150107210208
hotel_126,2023-07-07,0.9880478087649402,0.9880478087649402,0.9941662514370858,0.98536116,0.9855027,0.9783268425783802
hotel_126,2023-07-08,0.9880478087649402,1.00398406374502,1.0118542902214969,0.98652303,0.9937454,0.9918872362965774
hotel_126,2023-07-09,0.9880478087649402,1.00398406374502,0.9755733507879766,0.99392587,0.9922667,0.9379015876510742
hotel_126,2023-07-10,0.9880478087649402,1.00398406374502,0.9547851651323187,0.994209,0.9896824,0.9291825992246322
hotel_126,2023-07-11,0.9880478087649402,0.9840637450199203,0.9503407261310395,0.9852937,0.9887111,0.9417460224834227
hotel_126,2023-07-12,0.9880478087649402,1.00398406374502,0.9556024267785894,0.98602057,0.9899535,0.9488484886460161
hotel_126,2023-07-13,0.9880478087649402,1.00398406374502,0.9474217750469447,0.9885152,0.99114925,0.9560808475758686
hotel_126,2023-07-14,0.9880478087649402,0.9880478087649402,0.9941662514370858,0.98587453,0.99188673,0.9697340202616543
hotel_126,2023-07-15,0.9880478087649402,1.00398406374502,1.0118542902214969,0.9831903,0.98556554,0.9842525719690393
hotel_126,2023-07-16,0.9880478087649402,1.00398406374502,0.9755733507879766,0.98091084,0.98330754,0.9168306926458419
hotel_126,2023-07-17,0.9880478087649402,1.00398406374502,0.9547851651323187,0.98596954,0.98559064,0.933341412481895
hotel_126,2023-07-18,0.9880478087649402,0.9840637450199203,0.9503407261310395,0.98425215,0.98127735,0.9412778436035639
hotel_126,2023-07-19,0.9880478087649402,1.00398406374502,0.9556024267785894,0.9866792,0.98386776,0.9467554543692611
hotel_126,2023-07-20,0.9880478087649402,1.00398406374502,0.9474217750469447,0.97540426,0.9915668,0.9455795074831463
hotel_126,2023-07-21,0.9880478087649402,0.9880478087649402,0.9941662514370858,0.9811655,0.9883313,0.965285012634165
hotel_126,2023-07-22,0.9880478087649402,1.00398406374502,1.0118542902214969,0.98784506,0.9858057,0.9782284486292736
hotel_126,2023-07-23,0.9880478087649402,1.00398406374502,0.9755733507879766,0.9843801,0.98340654,0.910143141311934
hotel_126,2023-07-24,0.9880478087649402,1.00398406374502,0.9547851651323187,0.97331303,0.9824647,0.9249081839513768
hotel_126,2023-07-25,0.9880478087649402,0.9840637450199203,0.9503407261310395,0.9924791,0.9831508,0.9367560820466938
hotel_126,2023-07-26,0.9880478087649402,1.00398406374502,0.9556024267785894,0.9891183,0.9845589,0.9410100754777165
hotel_126,2023-07-27,0.9880478087649402,1.00398406374502,0.9474217750469447,0.98362756,0.98962235,0.9394630478025843
hotel_126,2023-07-28,0.9880478087649402,0.9880478087649402,0.9941662514370858,0.98021305,0.99082345,0.9604217078779034
hotel_133,2023-07-01,0.9672131147540983,1.0163934426229508,1.007238888108479,0.97070223,0.9673059,0.9578940138753745
hotel_133,2023-07-02,0.9672131147540983,0.8852459016393442,0.831348347201812,0.9241803,0.9440534,0.866160870759035
hotel_133,2023-07-03,0.9672131147540983,0.9836065573770492,0.8643379747698856,0.9553833,0.9301404,0.9450624838630709
hotel_133,2023-07-04,0.9672131147540983,0.9836065573770492,0.8804703322953393,0.9639703,0.921633,0.9625139608857456
hotel_133,2023-07-05,0.9672131147540983,0.9508196721311475,0.896270505707802,0.9351141,0.9204814,0.9456770296701532
hotel_133,2023-07-06,0.9672131147540983,0.9180327868852459,0.9099525050890617,0.9314446,0.94293785,0.9391267764553424
hotel_133,2023-07-07,0.9672131147540983,0.9672131147540983,0.9772698975852595,0.9638894,0.96013856,0.9545046106258754
hotel_133,2023-07-08,0.9672131147540983,1.0163934426229508,1.007238888108479,0.9715199,0.9569542,0.9569411054331715
hotel_133,2023-07-09,0.9672131147540983,0.8852459016393442,0.831348347201812,0.9402061,0.9351353,0.8798102135150113
hotel_133,2023-07-10,0.9672131147540983,0.9836065573770492,0.8643379747698856,0.9434357,0.9330645,0.9192344674754218
hotel_133,2023-07-11,0.9672131147540983,0.9836065573770492,0.8804703322953393,0.9537288,0.9286857,0.9376647487041346
hotel_133,2023-07-12,0.9672131147540983,0.9508196721311475,0.896270505707802,0.93158937,0.92739207,0.9460133010173951
hotel_133,2023-07-13,0.9672131147540983,0.9180327868852459,0.9099525050890617,0.93813556,0.9473498,0.9386626230189709
hotel_133,2023-07-14,0.9672131147540983,0.9672131147540983,0.9772698975852595,0.9740734,0.9625181,0.9525042287776789
hotel_133,2023-07-15,0.9672131147540983,1.0163934426229508,1.007238888108479,0.9649089,0.94729245,0.9550003019254316
hotel_133,2023-07-16,0.9672131147540983,0.8852459016393442,0.831348347201812,0.92192805,0.93195486,0.8698489972251796
hotel_133,2023-07-17,0.9672131147540983,0.9836065573770492,0.8643379747698856,0.934378,0.9239302,0.9097839734835614
hotel_133,2023-07-18,0.9672131147540983,0.9836065573770492,0.8804703322953393,0.9554361,0.9214953,0.9268420987711399
hotel_133,2023-07-19,0.9672131147540983,0.9508196721311475,0.896270505707802,0.93723047,0.9241107,0.9350909550267167
hotel_133,2023-07-20,0.9672131147540983,0.9180327868852459,0.9099525050890617,0.9246828,0.9480474,0.9301614429324639
hotel_133,2023-07-21,0.9672131147540983,0.9672131147540983,0.9772698975852595,0.95667845,0.96155304,0.9463036460033118
hotel_133,2023-07-22,0.9672131147540983,1.0163934426229508,1.007238888108479,0.9598008,0.9499703,0.9511640966044952
hotel_133,2023-07-23,0.9672131147540983,0.8852459016393442,0.831348347201812,0.9277286,0.9340227,0.8698489972251796
hotel_133,2023-07-24,0.9672131147540983,0.9836065573770492,0.8643379747698856,0.93010765,0.92724353,0.8965433854111017
hotel_133,2023-07-25,0.9672131147540983,0.9836065573770492,0.8804703322953393,0.9592911,0.92662585,0.9214470391094327
hotel_133,2023-07-26,0.9672131147540983,0.9508196721311475,0.896270505707802,0.9407808,0.9298508,0.9285797205986408
hotel_133,2023-07-27,0.9672131147540983,0.9180327868852459,0.9099525050890617,0.9457158,0.9449948,0.9212516183327137
hotel_133,2023-07-28,0.9672131147540983,0.9672131147540983,0.9772698975852595,0.9578727,0.9636409,0.9463036460033118
hotel_14,2023-07-01,0.5188679245283019,0.6132075471698113,0.6313797479282144,0.52854973,0.52874416,0.607260913517883
hotel_14,2023-07-02,0.5188679245283019,0.5660377358490566,0.41167666920525214,0.4889515,0.5541302,0.5018754231535028
hotel_14,2023-07-03,0.5188679245283019,0.5943396226415094,0.5110935090828267,0.572116,0.5839107,0.5521096016419192
hotel_14,2023-07-04,0.5188679245283019,0.5377358490566038,0.593173474116865,0.62823117,0.5897201,0.6191433695297498
hotel_14,2023-07-05,0.5188679245283019,0.5566037735849056,0.6153958626365212,0.628941,0.59750307,0.6312827710470414
hotel_14,2023-07-06,0.5188679245283019,0.7641509433962265,0.5718531901748021,0.6050453,0.5553274,0.6805483234314418
hotel_14,2023-07-07,0.5188679245283019,0.5188679245283019,0.5999353587828535,0.5621404,0.52786845,0.7279598026940309
hotel_14,2023-07-08,0.5188679245283019,0.6132075471698113,0.6313797479282144,0.52443415,0.5499924,0.7309561421303202
hotel_14,2023-07-09,0.5188679245283019,0.5660377358490566,0.41167666920525214,0.49226984,0.57017666,0.5689757537225507
hotel_14,2023-07-10,0.5188679245283019,0.5943396226415094,0.5110935090828267,0.5739887,0.5909933,0.6006961268919686
hotel_14,2023-07-11,0.5188679245283019,0.5377358490566038,0.593173474116865,0.6272651,0.5948896,0.6361365029395667
hotel_14,2023-07-12,0.5188679245283019,0.5566037735849056,0.6153958626365212,0.6460237,0.60194874,0.6560283117000665
hotel_14,2023-07-13,0.5188679245283019,0.7641509433962265,0.5718531901748021,0.60700077,0.57305545,0.6957244337562741
hotel_14,2023-07-14,0.5188679245283019,0.5188679245283019,0.5999353587828535,0.5807665,0.55155015,0.661935592762019
hotel_14,2023-07-15,0.5188679245283019,0.6132075471698113,0.6313797479282144,0.529831,0.5677032,0.6868363532980132
hotel_14,2023-07-16,0.5188679245283019,0.5660377358490566,0.41167666920525214,0.48669332,0.5730204,0.5068732105933623
hotel_14,2023-07-17,0.5188679245283019,0.5943396226415094,0.5110935090828267,0.575062,0.5923121,0.5890111926187955
hotel_14,2023-07-18,0.5188679245283019,0.5377358490566038,0.593173474116865,0.6299696,0.59240687,0.6559469745199127
hotel_14,2023-07-19,0.5188679245283019,0.5566037735849056,0.6153958626365212,0.63401955,0.59729576,0.6879264856589677
hotel_14,2023-07-20,0.5188679245283019,0.7641509433962265,0.5718531901748021,0.6065521,0.568357,0.6939353430483574
hotel_14,2023-07-21,0.5188679245283019,0.5188679245283019,0.5999353587828535,0.5889843,0.5368746,0.7228669143370976
hotel_14,2023-07-22,0.5188679245283019,0.6132075471698113,0.6313797479282144,0.5546369,0.55628455,0.7607916590639812
hotel_14,2023-07-23,0.5188679245283019,0.5660377358490566,0.41167666920525214,0.5230623,0.5629632,0.5627004971213694
hotel_14,2023-07-24,0.5188679245283019,0.5943396226415094,0.5110935090828267,0.56554556,0.5927424,0.6297234626358128
hotel_14,2023-07-25,0.5188679245283019,0.5377358490566038,0.593173474116865,0.60890603,0.6076236,0.6888579399484036
hotel_14,2023-07-26,0.5188679245283019,0.5566037735849056,0.6153958626365212,0.6607689,0.60485643,0.7011671000900065
hotel_14,2023-07-27,0.5188679245283019,0.7641509433962265,0.5718531901748021,0.64757264,0.58200526,0.691653161899743
hotel_14,2023-07-28,0.5188679245283019,0.5188679245283019,0.5999353587828535,0.57540613,0.55472124,0.7290885286235146
hotel_21,2023-07-01,0.9074074074074074,1.0,0.9374724566382746,0.9266927,0.9206227,0.9703146838267356
hotel_21,2023-07-02,0.9074074074074074,0.9166666666666666,0.8925108438409023,0.94385844,0.9353558,0.900937525804485
hotel_21,2023-07-03,0.9074074074074074,0.9861111111111112,0.8990211303789145,0.9586464,0.9346907,0.9531959890857005
hotel_21,2023-07-04,0.9074074074074074,1.0,0.918408758492784,0.95323646,0.93138844,0.9637347832610219
hotel_21,2023-07-05,0.9074074074074074,0.9953703703703703,0.9304247578312299,0.964954,0.9229525,0.955305741493106
hotel_21,2023-07-06,0.9074074074074074,0.9907407407407407,0.9322109167784918,0.9514826,0.91920626,0.9666308177248025
hotel_21,2023-07-07,0.9074074074074074,0.9074074074074074,0.919860566496805,0.9295446,0.91314554,0.9476191334595597
hotel_21,2023-07-08,0.9074074074074074,1.0,0.9374724566382746,0.94440055,0.9301024,0.9606559545968606
hotel_21,2023-07-09,0.9074074074074074,0.9166666666666666,0.8925108438409023,0.95325947,0.9362151,0.9041647369243879
hotel_21,2023-07-10,0.9074074074074074,0.9861111111111112,0.8990211303789145,0.9598078,0.9342823,0.9311146327218337
hotel_21,2023-07-11,0.9074074074074074,1.0,0.918408758492784,0.95212597,0.93262607,0.9374320657184684
hotel_21,2023-07-12,0.9074074074074074,0.9953703703703703,0.9304247578312299,0.95405763,0.931815,0.9352285617195639
hotel_21,2023-07-13,0.9074074074074074,0.9907407407407407,0.9322109167784918,0.9503287,0.92516875,0.9401591700271728
hotel_21,2023-07-14,0.9074074074074074,0.9074074074074074,0.919860566496805,0.93364346,0.9236782,0.9455873443135034
hotel_21,2023-07-15,0.9074074074074074,1.0,0.9374724566382746,0.94771576,0.92629546,0.9598144062037431
hotel_21,2023-07-16,0.9074074074074074,0.9166666666666666,0.8925108438409023,0.9423585,0.9294078,0.9012874908706069
hotel_21,2023-07-17,0.9074074074074074,0.9861111111111112,0.8990211303789145,0.95344687,0.93447065,0.928544906823634
hotel_21,2023-07-18,0.9074074074074074,1.0,0.918408758492784,0.95250314,0.927611,0.9391604375596506
hotel_21,2023-07-19,0.9074074074074074,0.9953703703703703,0.9304247578312299,0.9588965,0.92466575,0.9460133010173951
hotel_21,2023-07-20,0.9074074074074074,0.9907407407407407,0.9322109167784918,0.9352955,0.9239908,0.9455795074831463
hotel_21,2023-07-21,0.9074074074074074,0.9074074074074074,0.919860566496805,0.93104404,0.9162546,0.953518420801528
hotel_21,2023-07-22,0.9074074074074074,1.0,0.9374724566382746,0.95258665,0.91996884,0.9598144062037431
hotel_21,2023-07-23,0.9074074074074074,0.9166666666666666,0.8925108438409023,0.945901,0.9266403,0.9012874908706069
hotel_21,2023-07-24,0.9074074074074074,0.9861111111111112,0.8990211303789145,0.94400114,0.92929316,0.9249081839513768
hotel_21,2023-07-25,0.9074074074074074,1.0,0.918408758492784,0.9547344,0.93052995,0.9337653778979434
hotel_21,2023-07-26,0.9074074074074074,0.9953703703703703,0.9304247578312299,0.96323395,0.93009555,0.9380193713289662
hotel_21,2023-07-27,0.9074074074074074,0.9907407407407407,0.9322109167784918,0.9528936,0.9252935,0.9378008456414935
hotel_21,2023-07-28,0.9074074074074074,0.9074074074074074,0.919860566496805,0.92851436,0.9189353,0.9500998732647221
hotel_28,2023-07-01,0.6083333333333333,0.008333333333333333,0.45199125065461343,0.52563745,0.54489326,0.5465982910326947
hotel_28,2023-07-02,0.6083333333333333,0.008333333333333333,0.45545059670535654,0.2711331,0.43782994,0.31855416511962514
hotel_28,2023-07-03,0.6083333333333333,0.008333333333333333,0.45785080226028074,0.22660407,0.4142497,0.29022841212910727
hotel_28,2023-07-04,0.6083333333333333,0.008333333333333333,0.45833833177651623,0.26027083,0.38229114,0.2895867651634857
hotel_28,2023-07-05,0.6083333333333333,0.13333333333333333,0.46876029319256635,0.31063423,0.4157393,0.29047986235057777
hotel_28,2023-07-06,0.6083333333333333,0.4166666666666667,0.4870731932971186,0.3446613,0.46419662,0.36452503025951916
hotel_28,2023-07-07,0.6083333333333333,0.6083333333333333,0.4855707064349663,0.48359844,0.50672126,0.4663216223645442
hotel_28,2023-07-08,0.6083333333333333,0.008333333333333333,0.45199125065461343,0.42149842,0.45407248,0.5021441511865605
hotel_28,2023-07-09,0.6083333333333333,0.008333333333333333,0.45545059670535654,0.2988233,0.39272082,0.42330390525486083
hotel_28,2023-07-10,0.6083333333333333,0.008333333333333333,0.45785080226028074,0.26388037,0.41091564,0.3890142964775292
hotel_28,2023-07-11,0.6083333333333333,0.008333333333333333,0.45833833177651623,0.35557443,0.3943357,0.4223475256888627
hotel_28,2023-07-12,0.6083333333333333,0.13333333333333333,0.46876029319256635,0.2903813,0.39781645,0.3872282803561289
hotel_28,2023-07-13,0.6083333333333333,0.4166666666666667,0.4870731932971186,0.3025229,0.4579747,0.42182629727051546
hotel_28,2023-07-14,0.6083333333333333,0.6083333333333333,0.4855707064349663,0.45549357,0.515756,0.5032594308409158
hotel_28,2023-07-15,0.6083333333333333,0.008333333333333333,0.45199125065461343,0.40199572,0.45200938,0.5026062175284266
hotel_28,2023-07-16,0.6083333333333333,0.008333333333333333,0.45545059670535654,0.3227357,0.4275077,0.45660370930979016
hotel_28,2023-07-17,0.6083333333333333,0.008333333333333333,0.45785080226028074,0.29563448,0.3760386,0.4277028615979863
hotel_28,2023-07-18,0.6083333333333333,0.008333333333333333,0.45833833177651623,0.32515025,0.40499058,0.43796656731240735
hotel_28,2023-07-19,0.6083333333333333,0.13333333333333333,0.46876029319256635,0.30908355,0.4252002,0.43224716808111585
hotel_28,2023-07-20,0.6083333333333333,0.4166666666666667,0.4870731932971186,0.33030635,0.47952545,0.43311691172867295
hotel_28,2023-07-21,0.6083333333333333,0.6083333333333333,0.4855707064349663,0.47067687,0.52004915,0.44993908106399366
hotel_28,2023-07-22,0.6083333333333333,0.008333333333333333,0.45199125065461343,0.29203954,0.49950743,0.4529215188342727
hotel_28,2023-07-23,0.6083333333333333,0.008333333333333333,0.45545059670535654,0.29393503,0.42768428,0.4251392237264365
hotel_28,2023-07-24,0.6083333333333333,0.008333333333333333,0.45785080226028074,0.33893812,0.39902198,0.42746261361114535
hotel_28,2023-07-25,0.6083333333333333,0.008333333333333333,0.45833833177651623,0.40215003,0.40371838,0.4298286007924375
hotel_28,2023-07-26,0.6083333333333333,0.13333333333333333,0.46876029319256635,0.3415498,0.41320458,0.4252016376627678
hotel_28,2023-07-27,0.6083333333333333,0.4166666666666667,0.4870731932971186,0.38835168,0.47478658,0.4220332667404978
hotel_28,2023-07-28,0.6083333333333333,0.6083333333333333,0.4855707064349663,0.51460993,0.52784204,0.4538123048281277
hotel_35,2023-07-01,0.6953125,0.72265625,0.6292694250088536,0.66115797,0.6935281,0.7054871191403801
hotel_35,2023-07-02,0.6953125,0.7421875,0.6360961863349548,0.70013183,0.6946884,0.566453459391629
hotel_35,2023-07-03,0.6953125,0.8359375,0.7007579328410402,0.76036066,0.7048291,0.6878879589434838
hotel_35,2023-07-04,0.6953125,0.919921875,0.7310379917733547,0.781159,0.70815754,0.7465605308997422
hotel_35,2023-07-05,0.6953125,0.89453125,0.7399312751356641,0.79762214,0.713491,0.7808499194592761
hotel_35,2023-07-06,0.6953125,0.8046875,0.7354116134287024,0.78162134,0.70791614,0.7962490270672792
hotel_35,2023-07-07,0.6953125,0.6953125,0.689404874603085,0.71354234,0.6980342,0.8215715695618208
hotel_35,2023-07-08,0.6953125,0.72265625,0.6292694250088536,0.6858625,0.69809246,0.8418677018421243
hotel_35,2023-07-09,0.6953125,0.7421875,0.6360961863349548,0.7180247,0.6953163,0.6248265063354175
hotel_35,2023-07-10,0.6953125,0.8359375,0.7007579328410402,0.73559767,0.7079784,0.7041838342541124
hotel_35,2023-07-11,0.6953125,0.919921875,0.7310379917733547,0.7590879,0.7092193,0.7975439976212354
hotel_35,2023-07-12,0.6953125,0.89453125,0.7399312751356641,0.7885277,0.7155188,0.8027248808154436
hotel_35,2023-07-13,0.6953125,0.8046875,0.7354116134287024,0.7791916,0.7138134,0.8035711093873688
hotel_35,2023-07-14,0.6953125,0.6953125,0.689404874603085,0.72203666,0.7075182,0.8272558249569022
hotel_35,2023-07-15,0.6953125,0.72265625,0.6292694250088536,0.68339664,0.7015264,0.8362998820458467
hotel_35,2023-07-16,0.6953125,0.7421875,0.6360961863349548,0.681263,0.6983279,0.629394406491475
hotel_35,2023-07-17,0.6953125,0.8359375,0.7007579328410402,0.7490216,0.7103454,0.7107189691879334
hotel_35,2023-07-18,0.6953125,0.919921875,0.7310379917733547,0.7656819,0.7116754,0.7575749142759624
hotel_35,2023-07-19,0.6953125,0.89453125,0.7399312751356641,0.79374194,0.7186468,0.7733900899214712
hotel_35,2023-07-20,0.6953125,0.8046875,0.7354116134287024,0.79437983,0.71427375,0.7832189794619555
hotel_35,2023-07-21,0.6953125,0.6953125,0.689404874603085,0.74725807,0.7011321,0.8431669832506059
hotel_35,2023-07-22,0.6953125,0.72265625,0.6292694250088536,0.7020558,0.7050791,0.86458681533935
hotel_35,2023-07-23,0.6953125,0.7421875,0.6360961863349548,0.7059354,0.69616455,0.6444374835288194
hotel_35,2023-07-24,0.6953125,0.8359375,0.7007579328410402,0.74044627,0.7090862,0.7141377569665158
hotel_35,2023-07-25,0.6953125,0.919921875,0.7310379917733547,0.7637576,0.7159524,0.7952616103191413
hotel_35,2023-07-26,0.6953125,0.89453125,0.7399312751356641,0.8137049,0.7144402,0.8123721718575663
hotel_35,2023-07-27,0.6953125,0.8046875,0.7354116134287024,0.7873478,0.71119815,0.7924190314821978
hotel_35,2023-07-28,0.6953125,0.6953125,0.689404874603085,0.72893023,0.7055708,0.8363888085067329
hotel_42,2023-07-01,0.7611336032388664,0.902834008097166,0.9032813225244133,0.8051741,0.75885695,0.8504952185611359
hotel_42,2023-07-02,0.7611336032388664,0.38461538461538464,0.5510395344140244,0.5786268,0.69943833,0.5778882233416701
hotel_42,2023-07-03,0.7611336032388664,0.7246963562753036,0.6371076666006144,0.6758259,0.7135648,0.6703044444257404
hotel_42,2023-07-04,0.7611336032388664,0.97165991902834,0.7508310356294376,0.80774313,0.7302376,0.7439503291143977
hotel_42,2023-07-05,0.7611336032388664,0.8947368421052632,0.729934100857925,0.83793604,0.7493291,0.8256565397404279
hotel_42,2023-07-06,0.7611336032388664,0.7732793522267206,0.7286381490529169,0.75433385,0.7521174,0.7924190314821978
hotel_42,2023-07-07,0.7611336032388664,0.7611336032388664,0.7949672543119111,0.7961974,0.7660421,0.8375564886449638
hotel_42,2023-07-08,0.7611336032388664,0.902834008097166,0.9032813225244133,0.79201674,0.74398106,0.8789840743775562
hotel_42,2023-07-09,0.7611336032388664,0.38461538461538464,0.5510395344140244,0.5949993,0.6979296,0.5591484450370005
hotel_42,2023-07-10,0.7611336032388664,0.7246963562753036,0.6371076666006144,0.63571554,0.72778684,0.677457544053439
hotel_42,2023-07-11,0.7611336032388664,0.97165991902834,0.7508310356294376,0.82620144,0.74305975,0.7679218387895554
hotel_42,2023-07-12,0.7611336032388664,0.8947368421052632,0.729934100857925,0.8369744,0.748119,0.7840711793072919
hotel_42,2023-07-13,0.7611336032388664,0.7732793522267206,0.7286381490529169,0.7216208,0.7626854,0.7962490270672792
hotel_42,2023-07-14,0.7611336032388664,0.7611336032388664,0.7949672543119111,0.80808014,0.7721093,0.8339697984009621
hotel_42,2023-07-15,0.7611336032388664,0.902834008097166,0.9032813225244133,0.7782547,0.7489242,0.8819019819793814
hotel_42,2023-07-16,0.7611336032388664,0.38461538461538464,0.5510395344140244,0.59888005,0.7209226,0.6136820105747196
hotel_42,2023-07-17,0.7611336032388664,0.7246963562753036,0.6371076666006144,0.69096446,0.7107254,0.669469432295839
hotel_42,2023-07-18,0.7611336032388664,0.97165991902834,0.7508310356294376,0.800492,0.74931735,0.7252493666704479
hotel_42,2023-07-19,0.7611336032388664,0.8947368421052632,0.729934100857925,0.87296927,0.75757694,0.7794304643622371
hotel_42,2023-07-20,0.7611336032388664,0.7732793522267206,0.7286381490529169,0.7681576,0.77453643,0.7962490270672792
hotel_42,2023-07-21,0.7611336032388664,0.7611336032388664,0.7949672543119111,0.773243,0.7744994,0.8379734934426287
hotel_42,2023-07-22,0.7611336032388664,0.902834008097166,0.9032813225244133,0.79287344,0.76934415,0.8819019819793814
hotel_42,2023-07-23,0.7611336032388664,0.38461538461538464,0.5510395344140244,0.6391565,0.71865785,0.6397799565874256
hotel_42,2023-07-24,0.7611336032388664,0.7246963562753036,0.6371076666006144,0.68625546,0.7191827,0.6954872364342687
hotel_42,2023-07-25,0.7611336032388664,0.97165991902834,0.7508310356294376,0.84118813,0.7490835,0.7293475409362578
hotel_42,2023-07-26,0.7611336032388664,0.8947368421052632,0.729934100857925,0.8449362,0.75049216,0.7702227284627651
hotel_42,2023-07-27,0.7611336032388664,0.7732793522267206,0.7286381490529169,0.8362684,0.76298684,0.7832189794619555
hotel_42,2023-07-28,0.7611336032388664,0.7611336032388664,0.7949672543119111,0.7733517,0.7875523,0.8431669832506059
hotel_49,2023-07-01,0.6593886462882096,0.7248908296943232,0.6839418195615334,0.69613034,0.6726925,0.7022176245784446
hotel_49,2023-07-02,0.6593886462882096,0.62882096069869,0.5926478686252441,0.65129626,0.6632298,0.5707191875080848
hotel_49,2023-07-03,0.6593886462882096,0.6724890829694323,0.5837932107051336,0.6467441,0.66102266,0.6430213972304442
hotel_49,2023-07-04,0.6593886462882096,0.7074235807860262,0.6097205843392374,0.6740054,0.66369057,0.7300133601722247
hotel_49,2023-07-05,0.6593886462882096,0.7030567685589519,0.609301843976113,0.692415,0.6620303,0.7722069478141551
hotel_49,2023-07-06,0.6593886462882096,0.6593886462882096,0.6212854241116265,0.6448806,0.6626405,0.7606027802661559
hotel_49,2023-07-07,0.6593886462882096,0.6593886462882096,0.6726086341271953,0.67688704,0.6668379,0.7618199874436424
hotel_49,2023-07-08,0.6593886462882096,0.7248908296943232,0.6839418195615334,0.7103173,0.6764711,0.7912957692022125
hotel_49,2023-07-09,0.6593886462882096,0.62882096069869,0.5926478686252441,0.6708967,0.6664513,0.6081044381237559
hotel_49,2023-07-10,0.6593886462882096,0.6724890829694323,0.5837932107051336,0.642845,0.67223114,0.6764562756170894
hotel_49,2023-07-11,0.6593886462882096,0.7074235807860262,0.6097205843392374,0.68885463,0.6677724,0.7080236755703454
hotel_49,2023-07-12,0.6593886462882096,0.7030567685589519,0.609301843976113,0.6720531,0.6713467,0.7285571255253195
hotel_49,2023-07-13,0.6593886462882096,0.6593886462882096,0.6212854241116265,0.6428098,0.67238504,0.7476217381223921
hotel_49,2023-07-14,0.6593886462882096,0.6593886462882096,0.6726086341271953,0.6802954,0.6777129,0.7635279029430734
hotel_49,2023-07-15,0.6593886462882096,0.7248908296943232,0.6839418195615334,0.6990469,0.67330146,0.7976350921692701
hotel_49,2023-07-16,0.6593886462882096,0.62882096069869,0.5926478686252441,0.65228635,0.6690635,0.6196753724348825
hotel_49,2023-07-17,0.6593886462882096,0.6724890829694323,0.5837932107051336,0.6496858,0.6674492,0.6646388725895259
hotel_49,2023-07-18,0.6593886462882096,0.7074235807860262,0.6097205843392374,0.6751427,0.66743064,0.7399080004103182
hotel_49,2023-07-19,0.6593886462882096,0.7030567685589519,0.609301843976113,0.6873855,0.67169577,0.757457446924477
hotel_49,2023-07-20,0.6593886462882096,0.6593886462882096,0.6212854241116265,0.64469945,0.67520314,0.7633282801624809
hotel_49,2023-07-21,0.6593886462882096,0.6593886462882096,0.6726086341271953,0.67695606,0.6772947,0.7984623057419541
hotel_49,2023-07-22,0.6593886462882096,0.7248908296943232,0.6839418195615334,0.7082763,0.68187255,0.8374281531505151
hotel_49,2023-07-23,0.6593886462882096,0.62882096069869,0.5926478686252441,0.6678802,0.6695647,0.6434967601722446
hotel_49,2023-07-24,0.6593886462882096,0.6724890829694323,0.5837932107051336,0.6492868,0.6686926,0.6954872364342687
hotel_49,2023-07-25,0.6593886462882096,0.7074235807860262,0.6097205843392374,0.6874434,0.67580783,0.7305477685022216
hotel_49,2023-07-26,0.6593886462882096,0.7030567685589519,0.609301843976113,0.68847317,0.6789508,0.7643789294804303
hotel_49,2023-07-27,0.6593886462882096,0.6593886462882096,0.6212854241116265,0.6747599,0.675933,0.7593659780317339
hotel_49,2023-07-28,0.6593886462882096,0.6593886462882096,0.6726086341271953,0.6702719,0.6796052,0.8058701086298791
hotel_56,2023-07-01,0.9583333333333334,1.0083333333333333,0.9925455493849095,0.96672446,0.9630722,0.9404693814840978
hotel_56,2023-07-02,0.9583333333333334,1.0,0.8606684284098138,0.8902318,0.9423747,0.852546405558551
hotel_56,2023-07-03,0.9583333333333334,1.0,0.8900671345173036,0.9556809,0.94069165,0.9198702253976028
hotel_56,2023-07-04,0.9583333333333334,1.0166666666666666,0.9308419251938161,1.0052618,0.9395163,1.0182235634745953
hotel_56,2023-07-05,0.9583333333333334,0.9833333333333333,0.945708146876643,0.9807015,0.9415629,0.986300518672625
hotel_56,2023-07-06,0.9583333333333334,0.8666666666666667,0.9464530711739031,0.94257,0.949276,0.9600250782317595
hotel_56,2023-07-07,0.9583333333333334,0.9583333333333334,0.9756082297946995,0.9771502,0.95536697,0.9597589816354213
hotel_56,2023-07-08,0.9583333333333334,1.0083333333333333,0.9925455493849095,0.9836945,0.9536311,0.9431707032075841
hotel_56,2023-07-09,0.9583333333333334,1.0,0.8606684284098138,0.90043116,0.93714035,0.8446820276912029
hotel_56,2023-07-10,0.9583333333333334,1.0,0.8900671345173036,0.9327552,0.9443292,0.8798317428599114
hotel_56,2023-07-11,0.9583333333333334,1.0166666666666666,0.9308419251938161,1.0061986,0.94834805,0.994381995221637
hotel_56,2023-07-12,0.9583333333333334,0.9833333333333333,0.945708146876643,0.97729963,0.947384,0.9761649030733595
hotel_56,2023-07-13,0.9583333333333334,0.8666666666666667,0.9464530711739031,0.9386873,0.9548396,0.9625503605422455
hotel_56,2023-07-14,0.9583333333333334,0.9583333333333334,0.9756082297946995,0.9933067,0.9621435,0.9549448773571098
hotel_56,2023-07-15,0.9583333333333334,1.0083333333333333,0.9925455493849095,0.96032774,0.9484544,0.9535738453698499
hotel_56,2023-07-16,0.9583333333333334,1.0,0.8606684284098138,0.88951063,0.9388115,0.8258838467054695
hotel_56,2023-07-17,0.9583333333333334,1.0,0.8900671345173036,0.9334233,0.93613607,0.8839178278228457
hotel_56,2023-07-18,0.9583333333333334,1.0166666666666666,0.9308419251938161,0.98935866,0.9433638,0.938723925916612
hotel_56,2023-07-19,0.9583333333333334,0.9833333333333333,0.945708146876643,0.9786296,0.94543177,0.9584949322862472
hotel_56,2023-07-20,0.9583333333333334,0.8666666666666667,0.9464530711739031,0.9436399,0.95867383,0.9494157128040828
hotel_56,2023-07-21,0.9583333333333334,0.9583333333333334,0.9756082297946995,0.9706027,0.9603585,0.9559227763144849
hotel_56,2023-07-22,0.9583333333333334,1.0083333333333333,0.9925455493849095,0.96763706,0.95535177,0.9535738453698499
hotel_56,2023-07-23,0.9583333333333334,1.0,0.8606684284098138,0.90744835,0.9371905,0.8258838467054695
hotel_56,2023-07-24,0.9583333333333334,1.0,0.8900671345173036,0.933219,0.93615514,0.8785373625788219
hotel_56,2023-07-25,0.9583333333333334,1.0166666666666666,0.9308419251938161,0.9902156,0.94363564,0.9050192690431943
hotel_56,2023-07-26,0.9583333333333334,0.9833333333333333,0.945708146876643,0.97938657,0.94544655,0.9290587300627987
hotel_56,2023-07-27,0.9583333333333334,0.8666666666666667,0.9464530711739031,0.96904075,0.95389646,0.9309450573248627
hotel_56,2023-07-28,0.9583333333333334,0.9583333333333334,0.9756082297946995,0.9601535,0.96621674,0.9463036460033118
hotel_63,2023-07-01,0.8666666666666667,0.84,0.9803791992927995,0.87820315,0.8391539,0.888765962083027
hotel_63,2023-07-02,0.8666666666666667,0.6311111111111111,0.6876373033360524,0.70216113,0.74908626,0.6414449153991194
hotel_63,2023-07-03,0.8666666666666667,0.8444444444444444,0.6973042213002638,0.7273707,0.7373473,0.711647542459578
hotel_63,2023-07-04,0.8666666666666667,0.8844444444444445,0.7684167563084241,0.7683428,0.73122144,0.775216220402073
hotel_63,2023-07-05,0.8666666666666667,0.8266666666666667,0.7828406068386752,0.791251,0.7546241,0.8066832695005314
hotel_63,2023-07-06,0.8666666666666667,0.8844444444444445,0.7880687369130603,0.8072766,0.79908204,0.8245729341837632
hotel_63,2023-07-07,0.8666666666666667,0.8666666666666667,0.9294303771007073,0.875854,0.8474363,0.8831999125125773
hotel_63,2023-07-08,0.8666666666666667,0.84,0.9803791992927995,0.87146246,0.80229056,0.9061360366677169
hotel_63,2023-07-09,0.8666666666666667,0.6311111111111111,0.6876373033360524,0.7480357,0.7349646,0.6709066492743857
hotel_63,2023-07-10,0.8666666666666667,0.8444444444444444,0.6973042213002638,0.7201202,0.7495172,0.7648040031625235
hotel_63,2023-07-11,0.8666666666666667,0.8844444444444445,0.7684167563084241,0.780684,0.746066,0.8172864615165817
hotel_63,2023-07-12,0.8666666666666667,0.8266666666666667,0.7828406068386752,0.7651814,0.7492829,0.8173688842178983
hotel_63,2023-07-13,0.8666666666666667,0.8844444444444445,0.7880687369130603,0.79973197,0.8038971,0.8069346417846461
hotel_63,2023-07-14,0.8666666666666667,0.8666666666666667,0.9294303771007073,0.88896185,0.8429184,0.872952407005225
hotel_63,2023-07-15,0.8666666666666667,0.84,0.9803791992927995,0.85284346,0.8020805,0.9051091599989791
hotel_63,2023-07-16,0.8666666666666667,0.6311111111111111,0.6876373033360524,0.73316777,0.7528326,0.6626666823444783
hotel_63,2023-07-17,0.8666666666666667,0.8444444444444444,0.6973042213002638,0.7036524,0.7198994,0.7101582386617565
hotel_63,2023-07-18,0.8666666666666667,0.8844444444444445,0.7684167563084241,0.7706612,0.7470083,0.7658718524296243
hotel_63,2023-07-19,0.8666666666666667,0.8266666666666667,0.7828406068386752,0.7814427,0.76420164,0.7788513203592137
hotel_63,2023-07-20,0.8666666666666667,0.8844444444444445,0.7880687369130603,0.79830444,0.8127152,0.7905896129765503
hotel_63,2023-07-21,0.8666666666666667,0.8666666666666667,0.9294303771007073,0.86554646,0.8423133,0.8710152309016862
hotel_63,2023-07-22,0.8666666666666667,0.84,0.9803791992927995,0.84140575,0.81544995,0.90364717186656
hotel_63,2023-07-23,0.8666666666666667,0.6311111111111111,0.6876373033360524,0.7401641,0.7520019,0.6790111070733609
hotel_63,2023-07-24,0.8666666666666667,0.8444444444444444,0.6973042213002638,0.69879544,0.7357888,0.7538120813334456
hotel_63,2023-07-25,0.8666666666666667,0.8844444444444445,0.7684167563084241,0.786924,0.7523664,0.8109950634847639
hotel_63,2023-07-26,0.8666666666666667,0.8266666666666667,0.7828406068386752,0.7892742,0.762687,0.819389763930998
hotel_63,2023-07-27,0.8666666666666667,0.8844444444444445,0.7880687369130603,0.83393353,0.796579,0.8103459468798597
hotel_63,2023-07-28,0.8666666666666667,0.8666666666666667,0.9294303771007073,0.8621115,0.8535647,0.872952407005225
hotel_7,2023-07-01,0.6498371335504886,0.33876221498371334,0.5457642936703118,0.5780056,0.60459393,0.6214950668368083
hotel_7,2023-07-02,0.6498371335504886,0.3289902280130293,0.5430374387873832,0.45637423,0.51402056,0.43978490017975264
hotel_7,2023-07-03,0.6498371335504886,0.247557003257329,0.4637377159463534,0.44786906,0.48777246,0.45221379461691324
hotel_7,2023-07-04,0.6498371335504886,0.28664495114006516,0.4243802960305859,0.4448105,0.47359538,0.45155986912576335
hotel_7,2023-07-05,0.6498371335504886,0.44788273615635177,0.5633527663149532,0.50352275,0.5052272,0.4586832613912559
hotel_7,2023-07-06,0.6498371335504886,0.5521172638436482,0.6155609588078044,0.54176813,0.55412203,0.49571607329491224
hotel_7,2023-07-07,0.6498371335504886,0.6498371335504886,0.6528037675091977,0.60284925,0.60658634,0.5952779291795498
hotel_7,2023-07-08,0.6498371335504886,0.33876221498371334,0.5457642936703118,0.5365529,0.5618173,0.6130358590501028
hotel_7,2023-07-09,0.6498371335504886,0.3289902280130293,0.5430374387873832,0.4435523,0.4913137,0.4620695924249179
hotel_7,2023-07-10,0.6498371335504886,0.247557003257329,0.4637377159463534,0.47018367,0.5032129,0.48979257253023506
hotel_7,2023-07-11,0.6498371335504886,0.28664495114006516,0.4243802960305859,0.46604598,0.49202898,0.5049392353242049
hotel_7,2023-07-12,0.6498371335504886,0.44788273615635177,0.5633527663149532,0.4950757,0.5031527,0.5093085334492926
hotel_7,2023-07-13,0.6498371335504886,0.5521172638436482,0.6155609588078044,0.54811263,0.56459016,0.5207167275204608
hotel_7,2023-07-14,0.6498371335504886,0.6498371335504886,0.6528037675091977,0.628224,0.60106117,0.617270585695795
hotel_7,2023-07-15,0.6498371335504886,0.33876221498371334,0.5457642936703118,0.5232284,0.5468236,0.6362459003921909
hotel_7,2023-07-16,0.6498371335504886,0.3289902280130293,0.5430374387873832,0.44519848,0.503293,0.5225546367434063
hotel_7,2023-07-17,0.6498371335504886,0.247557003257329,0.4637377159463534,0.454621,0.4709265,0.5292155852690957
hotel_7,2023-07-18,0.6498371335504886,0.28664495114006516,0.4243802960305859,0.49447763,0.49497956,0.5641933962295463
hotel_7,2023-07-19,0.6498371335504886,0.44788273615635177,0.5633527663149532,0.5133879,0.5186461,0.5634083213175667
hotel_7,2023-07-20,0.6498371335504886,0.5521172638436482,0.6155609588078044,0.5660463,0.57283545,0.5557207964574359
hotel_7,2023-07-21,0.6498371335504886,0.6498371335504886,0.6528037675091977,0.62292343,0.6031883,0.6494826190843948
hotel_7,2023-07-22,0.6498371335504886,0.33876221498371334,0.5457642936703118,0.5052433,0.5759657,0.6821360988819456
hotel_7,2023-07-23,0.6498371335504886,0.3289902280130293,0.5430374387873832,0.44424576,0.5098119,0.5000804638220637
hotel_7,2023-07-24,0.6498371335504886,0.247557003257329,0.4637377159463534,0.4754515,0.49252737,0.5536009841059416
hotel_7,2023-07-25,0.6498371335504886,0.28664495114006516,0.4243802960305859,0.5170466,0.50518686,0.6064153509447591
hotel_7,2023-07-26,0.6498371335504886,0.44788273615635177,0.5633527663149532,0.5275475,0.5177889,0.6072332377699357
hotel_7,2023-07-27,0.6498371335504886,0.5521172638436482,0.6155609588078044,0.58765996,0.5656377,0.5991961788275237
hotel_7,2023-07-28,0.6498371335504886,0.6498371335504886,0.6528037675091977,0.6358846,0.6247932,0.6676517858111867
hotel_70,2023-07-01,0.8377192982456141,0.7982456140350878,0.8744535315777295,0.8399364,0.8016515,0.8641813346207246
hotel_70,2023-07-02,0.8377192982456141,0.6535087719298246,0.7574362228068356,0.7142785,0.7134645,0.6273172400112073
hotel_70,2023-07-03,0.8377192982456141,0.7105263157894737,0.7574322673244427,0.67001575,0.6843653,0.7158882757113856
hotel_70,2023-07-04,0.8377192982456141,0.7105263157894737,0.7564759271000756,0.68856275,0.6700454,0.7994632399212926
hotel_70,2023-07-05,0.8377192982456141,0.75,0.7477110455519981,0.7151466,0.68999076,0.7985842548727903
hotel_70,2023-07-06,0.8377192982456141,0.7587719298245614,0.7778270965392885,0.72417575,0.73867667,0.7715578858120765
hotel_70,2023-07-07,0.8377192982456141,0.8377192982456141,0.8384043030588617,0.7792525,0.7872759,0.7879322427070944
hotel_70,2023-07-08,0.8377192982456141,0.7982456140350878,0.8744535315777295,0.7999966,0.74767846,0.8629524783022284
hotel_70,2023-07-09,0.8377192982456141,0.6535087719298246,0.7574362228068356,0.72615916,0.6813836,0.6793004086115235
hotel_70,2023-07-10,0.8377192982456141,0.7105263157894737,0.7574322673244427,0.67534244,0.6898869,0.7251421980606785
hotel_70,2023-07-11,0.8377192982456141,0.7105263157894737,0.7564759271000756,0.7075751,0.67846304,0.7963660532689918
hotel_70,2023-07-12,0.8377192982456141,0.75,0.7477110455519981,0.6943746,0.6865633,0.8144996082370797
hotel_70,2023-07-13,0.8377192982456141,0.7587719298245614,0.7778270965392885,0.7196481,0.7417472,0.796567347574811
hotel_70,2023-07-14,0.8377192982456141,0.8377192982456141,0.8384043030588617,0.77617484,0.783117,0.8379734934426287
hotel_70,2023-07-15,0.8377192982456141,0.7982456140350878,0.8744535315777295,0.77919245,0.74315953,0.8819019819793814
hotel_70,2023-07-16,0.8377192982456141,0.6535087719298246,0.7574362228068356,0.71806216,0.6959488,0.6604998556875148
hotel_70,2023-07-17,0.8377192982456141,0.7105263157894737,0.7574322673244427,0.6688769,0.6629489,0.7009625810681392
hotel_70,2023-07-18,0.8377192982456141,0.7105263157894737,0.7564759271000756,0.6855116,0.68282986,0.7427513778810402
hotel_70,2023-07-19,0.8377192982456141,0.75,0.7477110455519981,0.7057675,0.6961492,0.7775657075373424
hotel_70,2023-07-20,0.8377192982456141,0.7587719298245614,0.7778270965392885,0.71869147,0.743796,0.7962490270672792
hotel_70,2023-07-21,0.8377192982456141,0.8377192982456141,0.8384043030588617,0.77226174,0.7822831,0.8339697984009621
hotel_70,2023-07-22,0.8377192982456141,0.7982456140350878,0.8744535315777295,0.76467294,0.7584016,0.8819019819793814
hotel_70,2023-07-23,0.8377192982456141,0.6535087719298246,0.7574362228068356,0.7258638,0.69939625,0.6660985582016558
hotel_70,2023-07-24,0.8377192982456141,0.7105263157894737,0.7574322673244427,0.6715734,0.6790714,0.7161335340772441
hotel_70,2023-07-25,0.8377192982456141,0.7105263157894737,0.7564759271000756,0.7146463,0.6910127,0.796621752958804
hotel_70,2023-07-26,0.8377192982456141,0.75,0.7477110455519981,0.70928425,0.70652026,0.8123721718575663
hotel_70,2023-07-27,0.8377192982456141,0.7587719298245614,0.7778270965392885,0.7297367,0.74210054,0.8103459468798597
hotel_70,2023-07-28,0.8377192982456141,0.8377192982456141,0.8384043030588617,0.76897174,0.79479355,0.8497362377469978
hotel_84,2023-07-01,0.9134948096885813,0.903114186851211,0.975873529075923,0.96844494,0.92642957,0.9254313946917101
hotel_84,2023-07-02,0.9134948096885813,0.8961937716262975,0.73216656906911,0.9446287,0.9129203,0.8421329037090531
hotel_84,2023-07-03,0.9134948096885813,0.9515570934256056,0.7473705410220118,0.837245,0.8979444,0.8995548529166981
hotel_84,2023-07-04,0.9134948096885813,0.7231833910034602,0.8021738746525953,0.846068,0.89260787,0.8865034290569049
hotel_84,2023-07-05,0.9134948096885813,0.7197231833910035,0.811584339595717,0.8708091,0.88472784,0.8647189260530336
hotel_84,2023-07-06,0.9134948096885813,0.8823529411764706,0.8029457985275984,0.88557637,0.9037589,0.8939393281142576
hotel_84,2023-07-07,0.9134948096885813,0.9134948096885813,0.9275979474105911,0.9187658,0.9165982,0.8957900593603487
hotel_84,2023-07-08,0.9134948096885813,0.903114186851211,0.975873529075923,0.9746815,0.92260104,0.9213856867300215
hotel_84,2023-07-09,0.9134948096885813,0.8961937716262975,0.73216656906911,0.954183,0.90822107,0.8111803923035693
hotel_84,2023-07-10,0.9134948096885813,0.9515570934256056,0.7473705410220118,0.8710804,0.8999919,0.8754620805725647
hotel_84,2023-07-11,0.9134948096885813,0.7231833910034602,0.8021738746525953,0.86998665,0.892558,0.8993767815490225
hotel_84,2023-07-12,0.9134948096885813,0.7197231833910035,0.811584339595717,0.85729283,0.89195,0.8913338668039615
hotel_84,2023-07-13,0.9134948096885813,0.8823529411764706,0.8029457985275984,0.8942557,0.90576,0.8850742278452501
hotel_84,2023-07-14,0.9134948096885813,0.9134948096885813,0.9275979474105911,0.9262965,0.9214438,0.9056164586630235
hotel_84,2023-07-15,0.9134948096885813,0.903114186851211,0.975873529075923,0.9653394,0.9145551,0.9219038937531849
hotel_84,2023-07-16,0.9134948096885813,0.8961937716262975,0.73216656906911,0.94345534,0.90582776,0.8111803923035693
hotel_84,2023-07-17,0.9134948096885813,0.9515570934256056,0.7473705410220118,0.85092247,0.8936996,0.876088808729748
hotel_84,2023-07-18,0.9134948096885813,0.7231833910034602,0.8021738746525953,0.83905226,0.8892322,0.9039493548629576
hotel_84,2023-07-19,0.9134948096885813,0.7197231833910035,0.811584339595717,0.88260937,0.88907385,0.8955084702785023
hotel_84,2023-07-20,0.9134948096885813,0.8823529411764706,0.8029457985275984,0.87853944,0.90844804,0.8850742278452501
hotel_84,2023-07-21,0.9134948096885813,0.9134948096885813,0.9275979474105911,0.9069272,0.9182511,0.9110483102780716
hotel_84,2023-07-22,0.9134948096885813,0.903114186851211,0.975873529075923,0.9607502,0.91050243,0.9219038937531849
hotel_84,2023-07-23,0.9134948096885813,0.8961937716262975,0.73216656906911,0.9372878,0.90396184,0.784396552145249
hotel_84,2023-07-24,0.9134948096885813,0.9515570934256056,0.7473705410220118,0.8251799,0.89294326,0.8686487728814105
hotel_84,2023-07-25,0.9134948096885813,0.7231833910034602,0.8021738746525953,0.87510973,0.8947909,0.9084528996052627
hotel_84,2023-07-26,0.9134948096885813,0.7197231833910035,0.811584339595717,0.87311935,0.8991703,0.8915205933271085
hotel_84,2023-07-27,0.9134948096885813,0.8823529411764706,0.8029457985275984,0.9232862,0.90542436,0.8850742278452501
hotel_84,2023-07-28,0.9134948096885813,0.9134948096885813,0.9275979474105911,0.9124883,0.91919214,0.9115819915377478
hotel_91,2023-07-01,0.8651685393258427,0.8539325842696629,0.8848434998857737,0.8745027,0.88616097,0.9066566709581274
hotel_91,2023-07-02,0.8651685393258427,0.8202247191011236,0.716157896353732,0.8468865,0.89569724,0.757050400793913
hotel_91,2023-07-03,0.8651685393258427,0.9775280898876404,0.8467928841431797,0.90472,0.90990716,0.8079461385734752
hotel_91,2023-07-04,0.8651685393258427,1.0112359550561798,0.940823658191342,0.9589718,0.91437143,0.9428893922388344
hotel_91,2023-07-05,0.8651685393258427,1.0224719101123596,0.9417611490131182,0.9803633,0.9111771,0.9349725343063516
hotel_91,2023-07-06,0.8651685393258427,0.898876404494382,0.8661615809468013,0.92803293,0.8959513,0.9067286659749679
hotel_91,2023-07-07,0.8651685393258427,0.8651685393258427,0.8870764224058708,0.89068806,0.8780818,0.9026661710778399
hotel_91,2023-07-08,0.8651685393258427,0.8539325842696629,0.8848434998857737,0.8842349,0.8940946,0.9158519157956599
hotel_91,2023-07-09,0.8651685393258427,0.8202247191011236,0.716157896353732,0.84718317,0.90230113,0.7563769354236474
hotel_91,2023-07-10,0.8651685393258427,0.9775280898876404,0.8467928841431797,0.8919618,0.91338545,0.8197957060465126
hotel_91,2023-07-11,0.8651685393258427,1.0112359550561798,0.940823658191342,0.9539099,0.92158514,0.8774534825335385
hotel_91,2023-07-12,0.8651685393258427,1.0224719101123596,0.9417611490131182,0.9600504,0.92016625,0.9012150466758635
hotel_91,2023-07-13,0.8651685393258427,0.898876404494382,0.8661615809468013,0.905438,0.9023563,0.8895777725875552
hotel_91,2023-07-14,0.8651685393258427,0.8651685393258427,0.8870764224058708,0.8994525,0.89385533,0.9147986565312904
hotel_91,2023-07-15,0.8651685393258427,0.8539325842696629,0.8848434998857737,0.8850732,0.898582,0.9204400708828457
hotel_91,2023-07-16,0.8651685393258427,0.8202247191011236,0.716157896353732,0.85178816,0.9023198,0.7271034467965477
hotel_91,2023-07-17,0.8651685393258427,0.9775280898876404,0.8467928841431797,0.8958115,0.9152664,0.798908677097113
hotel_91,2023-07-18,0.8651685393258427,1.0112359550561798,0.940823658191342,0.96230656,0.91968656,0.8673557860075947
hotel_91,2023-07-19,0.8651685393258427,1.0224719101123596,0.9417611490131182,0.96856886,0.91451067,0.9017490511985671
hotel_91,2023-07-20,0.8651685393258427,0.898876404494382,0.8661615809468013,0.91284704,0.90468645,0.8846100744088786
hotel_91,2023-07-21,0.8651685393258427,0.8651685393258427,0.8870764224058708,0.89436346,0.8856303,0.9115819915377478
hotel_91,2023-07-22,0.8651685393258427,0.8539325842696629,0.8848434998857737,0.9025473,0.8952636,0.9213856867300215
hotel_91,2023-07-23,0.8651685393258427,0.8202247191011236,0.716157896353732,0.8719588,0.89800406,0.7107869850866265
hotel_91,2023-07-24,0.8651685393258427,0.9775280898876404,0.8467928841431797,0.8957566,0.9092647,0.7804639106638482
hotel_91,2023-07-25,0.8651685393258427,1.0112359550561798,0.940823658191342,0.94838625,0.91874844,0.8447701123754124
hotel_91,2023-07-26,0.8651685393258427,1.0224719101123596,0.9417611490131182,0.9647647,0.91561025,0.8623179744163244
hotel_91,2023-07-27,0.8651685393258427,0.898876404494382,0.8661615809468013,0.93689895,0.90229666,0.8743314720485693
hotel_91,2023-07-28,0.8651685393258427,0.8651685393258427,0.8870764224058708,0.8745254,0.89357173,0.9057736786741961
hotel_98,2023-07-01,0.5,0.3467741935483871,0.5631058865105503,0.47885984,0.43872866,0.5177670094930529
hotel_98,2023-07-02,0.5,0.13709677419354838,0.37418701101467,0.216998,0.31880867,0.3063554267728158
hotel_98,2023-07-03,0.5,0.10483870967741936,0.3561088274054334,0.1522812,0.28034,0.2625826929198381
hotel_98,2023-07-04,0.5,0.0967741935483871,0.3559331374666444,0.18035164,0.25726706,0.24603704212740252
hotel_98,2023-07-05,0.5,0.18548387096774194,0.35127108765755194,0.24769983,0.286963,0.27013695264609927
hotel_98,2023-07-06,0.5,0.4112903225806452,0.3851218259604149,0.26509637,0.3427987,0.3402219741124793
hotel_98,2023-07-07,0.5,0.5,0.500002305338062,0.41817194,0.40339163,0.39778325305890605
hotel_98,2023-07-08,0.5,0.3467741935483871,0.5631058865105503,0.432411,0.35215792,0.4177256523019591
hotel_98,2023-07-09,0.5,0.13709677419354838,0.37418701101467,0.26617298,0.27288562,0.2791584049976177
hotel_98,2023-07-10,0.5,0.10483870967741936,0.3561088274054334,0.1789296,0.28974307,0.2814960936293018
hotel_98,2023-07-11,0.5,0.0967741935483871,0.3559331374666444,0.25709307,0.26840556,0.29767819983900073
hotel_98,2023-07-12,0.5,0.18548387096774194,0.35127108765755194,0.20491457,0.27714598,0.35103221850410526
hotel_98,2023-07-13,0.5,0.4112903225806452,0.3851218259604149,0.24036893,0.3450146,0.3674063112124119
hotel_98,2023-07-14,0.5,0.5,0.500002305338062,0.42704052,0.4099679,0.43307327599443185
hotel_98,2023-07-15,0.5,0.3467741935483871,0.5631058865105503,0.4125952,0.35353982,0.4450144285678108
hotel_98,2023-07-16,0.5,0.13709677419354838,0.37418701101467,0.24885242,0.3049521,0.32174107068250474
hotel_98,2023-07-17,0.5,0.10483870967741936,0.3561088274054334,0.21396449,0.24361795,0.32222433995507144
hotel_98,2023-07-18,0.5,0.0967741935483871,0.3559331374666444,0.25511095,0.27941108,0.34201415628861115
hotel_98,2023-07-19,0.5,0.18548387096774194,0.35127108765755194,0.25599366,0.30037725,0.37231592354708754
hotel_98,2023-07-20,0.5,0.4112903225806452,0.3851218259604149,0.28643528,0.3645686,0.4035563380088369
hotel_98,2023-07-21,0.5,0.5,0.500002305338062,0.42045704,0.4168438,0.43781898499243616
hotel_98,2023-07-22,0.5,0.3467741935483871,0.5631058865105503,0.33083603,0.39359048,0.4217087317621388
hotel_98,2023-07-23,0.5,0.13709677419354838,0.37418701101467,0.2565558,0.30799806,0.33687614953961553
hotel_98,2023-07-24,0.5,0.10483870967741936,0.3561088274054334,0.21589606,0.27699754,0.3486709054102216
hotel_98,2023-07-25,0.5,0.0967741935483871,0.3559331374666444,0.28765136,0.28725687,0.3642643798446326
hotel_98,2023-07-26,0.5,0.18548387096774194,0.35127108765755194,0.26224002,0.3019077,0.41593771518281347
hotel_98,2023-07-27,0.5,0.4112903225806452,0.3851218259604149,0.3153033,0.35574758,0.4394830413621083
hotel_98,2023-07-28,0.5,0.5,0.500002305338062,0.4261813,0.42789274,0.43781898499243616
